,Evaluacion crediticia historica,Edad,Genero,Evaluacion Sueldo,Residencia,Nivel de ahorro,Monto del credito,Duracion,Proposito,Riesgo
0,4,38 to 75,male,2,own,no account,250 to 1554,4 to 12,radio/TV,good
1,2,19 to 28,female,2,own,little,250 to 1554,12 to 24,radio/TV,bad
2,4,28 to 38,male,1,own,little,250 to 1554,4 to 12,education,good
3,2,28 to 38,male,2,free,little,1554 to 3368,12 to 24,furniture/equipment,good
4,3,28 to 38,male,2,free,little,250 to 1554,4 to 12,car,bad
5,2,19 to 28,male,1,free,no account,1554 to 3368,12 to 24,education,good
6,2,28 to 38,male,2,own,quite rich,250 to 1554,4 to 12,furniture/equipment,good
7,2,19 to 28,male,3,rent,little,1554 to 3368,12 to 24,car,good
8,2,38 to 75,male,1,own,rich,250 to 1554,4 to 12,radio/TV,good
9,4,19 to 28,male,3,own,little,250 to 1554,12 to 24,car,bad
10,2,19 to 28,female,2,rent,little,250 to 1554,4 to 12,car,bad
11,2,19 to 28,female,2,rent,little,250 to 1554,12 to 24,business,bad
12,2,19 to 28,female,2,own,little,250 to 1554,4 to 12,radio/TV,good
13,4,38 to 75,male,1,own,little,250 to 1554,4 to 12,car,bad
14,2,19 to 28,female,2,rent,little,250 to 1554,4 to 12,car,good
15,2,19 to 28,female,1,own,moderate,250 to 1554,4 to 12,radio/TV,bad
16,4,28 to 38,male,2,own,no account,250 to 1554,4 to 12,radio/TV,good
17,0,19 to 28,male,2,own,no account,1554 to 3368,12 to 24,business,good
18,2,28 to 38,female,3,free,little,3368 to 18424,4 to 12,car,bad
19,2,19 to 28,male,2,own,quite rich,250 to 1554,4 to 12,radio/TV,good
20,4,28 to 38,male,2,own,little,250 to 1554,4 to 12,car,good
21,2,28 to 38,male,2,rent,quite rich,250 to 1554,4 to 12,radio/TV,good
22,4,28 to 38,male,1,rent,little,250 to 1554,4 to 12,car,good
23,4,28 to 38,male,2,own,moderate,250 to 1554,4 to 12,car,good
24,4,19 to 28,male,2,own,no account,250 to 1554,4 to 12,furniture/equipment,good
25,2,19 to 28,male,1,own,little,250 to 1554,4 to 12,furniture/equipment,good
26,0,28 to 38,male,1,own,little,250 to 1554,4 to 12,radio/TV,good
27,1,28 to 38,female,2,rent,rich,250 to 1554,4 to 12,radio/TV,good
28,2,19 to 28,male,2,own,little,250 to 1554,4 to 12,radio/TV,good
29,3,38 to 75,male,2,own,little,1554 to 3368,24 to 72,business,bad
30,2,19 to 28,male,2,own,rich,250 to 1554,4 to 12,business,good
31,2,19 to 28,male,2,own,little,250 to 1554,4 to 12,furniture/equipment,good
32,2,19 to 28,male,2,own,moderate,250 to 1554,4 to 12,car,good
33,4,38 to 75,male,1,rent,no account,250 to 1554,4 to 12,business,good
34,2,19 to 28,female,3,own,little,250 to 1554,4 to 12,furniture/equipment,good
35,4,19 to 28,male,1,own,little,250 to 1554,12 to 24,radio/TV,bad
36,4,19 to 28,male,2,free,little,250 to 1554,12 to 24,education,good
37,2,19 to 28,male,2,own,little,250 to 1554,4 to 12,radio/TV,bad
38,2,19 to 28,male,2,own,little,250 to 1554,4 to 12,domestic appliances,good
39,2,19 to 28,male,2,own,little,250 to 1554,4 to 12,radio/TV,good
40,2,19 to 28,male,3,own,quite rich,250 to 1554,12 to 24,radio/TV,good
41,2,19 to 28,male,2,own,quite rich,250 to 1554,4 to 12,radio/TV,good
42,3,28 to 38,male,1,own,little,250 to 1554,4 to 12,repairs,good
43,4,19 to 28,male,2,rent,moderate,250 to 1554,12 to 24,car,good
44,4,38 to 75,female,1,free,little,250 to 1554,12 to 24,car,bad
45,4,19 to 28,female,3,own,little,250 to 1554,4 to 12,car,good
46,2,28 to 38,male,2,own,quite rich,250 to 1554,12 to 24,radio/TV,good
47,2,19 to 28,female,0,rent,quite rich,250 to 1554,4 to 12,car,good
48,4,28 to 38,male,1,own,little,1554 to 3368,4 to 12,car,good
49,2,19 to 28,female,2,own,moderate,250 to 1554,4 to 12,radio/TV,good
50,3,19 to 28,male,1,own,no account,250 to 1554,4 to 12,furniture/equipment,good
51,3,19 to 28,male,3,own,little,250 to 1554,12 to 24,car,good
52,2,19 to 28,male,2,own,little,250 to 1554,4 to 12,radio/TV,good
53,2,19 to 28,male,2,own,no account,250 to 1554,4 to 12,car,good
54,3,38 to 75,male,2,free,little,250 to 1554,12 to 24,car,bad
55,1,19 to 28,male,1,own,no account,250 to 1554,4 to 12,car,good
56,2,28 to 38,male,3,own,no account,1554 to 3368,4 to 12,radio/TV,bad
57,4,19 to 28,female,2,own,little,1554 to 3368,12 to 24,radio/TV,good
58,2,19 to 28,female,3,own,little,250 to 1554,4 to 12,car,good
59,4,19 to 28,female,1,rent,little,250 to 1554,12 to 24,furniture/equipment,bad
60,2,19 to 28,male,2,own,little,250 to 1554,4 to 12,business,good
61,4,28 to 38,male,2,own,no account,250 to 1554,4 to 12,radio/TV,good
62,0,38 to 75,male,3,free,little,250 to 1554,12 to 24,business,bad
63,0,19 to 28,male,2,own,little,3368 to 18424,12 to 24,business,bad
64,2,19 to 28,female,2,own,little,250 to 1554,4 to 12,radio/TV,good
65,2,28 to 38,male,2,own,no account,250 to 1554,12 to 24,repairs,good
66,2,19 to 28,female,2,own,little,250 to 1554,4 to 12,radio/TV,good
67,2,19 to 28,male,2,own,rich,250 to 1554,4 to 12,car,good
68,2,19 to 28,male,2,free,little,250 to 1554,12 to 24,education,bad
69,2,19 to 28,female,2,own,no account,250 to 1554,12 to 24,radio/TV,good
70,2,19 to 28,female,2,own,little,1554 to 3368,12 to 24,car,good
71,4,28 to 38,male,1,rent,no account,250 to 1554,4 to 12,radio/TV,good
72,4,28 to 38,male,3,free,little,250 to 1554,4 to 12,vacation/others,good
73,4,28 to 38,female,1,own,little,250 to 1554,12 to 24,business,good
74,2,28 to 38,male,3,own,no account,250 to 1554,12 to 24,education,bad
75,4,38 to 75,male,3,free,little,250 to 1554,4 to 12,car,good
76,2,19 to 28,male,2,own,little,250 to 1554,12 to 24,radio/TV,bad
77,3,28 to 38,male,2,own,little,250 to 1554,4 to 12,radio/TV,good
78,0,28 to 38,male,1,own,no account,1554 to 3368,24 to 72,car,good
79,2,19 to 28,male,2,own,little,250 to 1554,12 to 24,furniture/equipment,good
80,2,28 to 38,female,2,own,no account,250 to 1554,4 to 12,radio/TV,bad
81,2,28 to 38,male,2,own,quite rich,250 to 1554,4 to 12,radio/TV,good
82,2,19 to 28,female,1,rent,moderate,250 to 1554,4 to 12,business,good
83,2,38 to 75,female,1,own,little,250 to 1554,4 to 12,vacation/others,good
84,2,28 to 38,male,1,own,little,250 to 1554,4 to 12,radio/TV,good
85,4,19 to 28,female,3,own,little,250 to 1554,4 to 12,business,good
86,4,19 to 28,female,2,own,little,250 to 1554,4 to 12,furniture/equipment,good
87,2,28 to 38,male,2,free,moderate,3368 to 18424,12 to 24,education,bad
88,2,19 to 28,male,3,own,moderate,250 to 1554,4 to 12,car,good
89,0,19 to 28,male,2,own,little,250 to 1554,4 to 12,repairs,bad
90,4,28 to 38,male,2,own,little,250 to 1554,4 to 12,radio/TV,good
91,4,28 to 38,male,2,own,little,250 to 1554,4 to 12,car,good
92,4,19 to 28,female,1,own,no account,250 to 1554,4 to 12,radio/TV,bad
93,4,19 to 28,male,2,rent,no account,250 to 1554,4 to 12,furniture/equipment,good
94,2,28 to 38,male,2,own,rich,250 to 1554,4 to 12,car,good
95,0,38 to 75,male,2,rent,little,3368 to 18424,24 to 72,business,bad
96,4,38 to 75,female,2,own,no account,250 to 1554,4 to 12,education,good
97,2,19 to 28,male,2,own,moderate,250 to 1554,4 to 12,business,good
98,4,19 to 28,male,2,own,little,250 to 1554,12 to 24,radio/TV,good
99,3,19 to 28,male,3,rent,no account,1554 to 3368,4 to 12,car,good
100,2,28 to 38,male,1,rent,moderate,250 to 1554,4 to 12,car,good
101,2,19 to 28,male,2,rent,little,250 to 1554,12 to 24,radio/TV,good
102,3,19 to 28,female,2,own,little,250 to 1554,4 to 12,radio/TV,good
103,4,19 to 28,male,2,rent,little,250 to 1554,4 to 12,furniture/equipment,good
104,2,19 to 28,male,2,rent,no account,250 to 1554,4 to 12,car,good
105,4,28 to 38,male,3,own,little,1554 to 3368,4 to 12,vacation/others,bad
106,1,28 to 38,male,3,own,little,1554 to 3368,4 to 12,car,bad
107,2,19 to 28,male,2,own,little,250 to 1554,4 to 12,car,good
108,2,19 to 28,female,2,own,no account,1554 to 3368,4 to 12,furniture/equipment,good
109,2,19 to 28,male,2,own,quite rich,250 to 1554,4 to 12,business,good
110,3,19 to 28,male,2,own,moderate,250 to 1554,4 to 12,business,good
111,2,19 to 28,female,2,rent,little,250 to 1554,4 to 12,education,good
112,2,19 to 28,male,1,rent,little,250 to 1554,4 to 12,car,good
113,4,19 to 28,female,2,own,little,1554 to 3368,12 to 24,car,bad
114,2,19 to 28,male,2,own,quite rich,250 to 1554,4 to 12,radio/TV,good
115,4,28 to 38,male,2,own,no account,250 to 1554,12 to 24,radio/TV,good
116,2,19 to 28,female,3,own,no account,1554 to 3368,12 to 24,radio/TV,bad
117,4,19 to 28,female,2,rent,no account,250 to 1554,4 to 12,furniture/equipment,good
118,4,19 to 28,female,2,own,quite rich,250 to 1554,12 to 24,furniture/equipment,bad
119,4,19 to 28,male,3,own,quite rich,250 to 1554,4 to 12,car,good
120,2,19 to 28,female,2,own,little,250 to 1554,4 to 12,radio/TV,bad
121,4,28 to 38,female,3,rent,little,250 to 1554,4 to 12,car,good
122,2,19 to 28,male,1,rent,little,250 to 1554,4 to 12,furniture/equipment,good
123,4,38 to 75,male,2,free,little,250 to 1554,4 to 12,car,good
124,2,19 to 28,female,2,rent,no account,250 to 1554,4 to 12,furniture/equipment,bad
125,4,19 to 28,male,2,own,little,250 to 1554,4 to 12,car,good
126,2,28 to 38,male,1,own,little,250 to 1554,4 to 12,radio/TV,good
127,2,19 to 28,male,2,own,little,250 to 1554,4 to 12,repairs,bad
128,4,19 to 28,male,3,own,little,250 to 1554,4 to 12,car,good
129,4,19 to 28,female,2,own,little,250 to 1554,4 to 12,car,bad
130,2,19 to 28,female,2,own,no account,1554 to 3368,12 to 24,car,good
131,3,19 to 28,male,2,own,little,1554 to 3368,12 to 24,education,bad
132,2,19 to 28,male,1,own,little,250 to 1554,4 to 12,furniture/equipment,good
133,2,28 to 38,male,2,free,little,250 to 1554,4 to 12,furniture/equipment,good
134,2,19 to 28,female,2,own,moderate,1554 to 3368,24 to 72,radio/TV,good
135,4,28 to 38,female,2,own,no account,250 to 1554,4 to 12,radio/TV,good
136,3,19 to 28,male,2,own,rich,1554 to 3368,12 to 24,car,good
137,2,38 to 75,male,1,own,quite rich,250 to 1554,4 to 12,radio/TV,bad
138,4,19 to 28,male,2,own,no account,250 to 1554,4 to 12,radio/TV,good
139,2,28 to 38,female,1,rent,little,250 to 1554,4 to 12,radio/TV,good
140,2,19 to 28,male,0,own,rich,250 to 1554,4 to 12,car,good
141,2,19 to 28,female,3,own,little,250 to 1554,12 to 24,radio/TV,good
142,2,19 to 28,male,3,own,little,250 to 1554,12 to 24,radio/TV,good
143,2,19 to 28,male,2,own,little,250 to 1554,4 to 12,furniture/equipment,bad
144,4,19 to 28,female,2,own,little,250 to 1554,4 to 12,furniture/equipment,good
145,1,19 to 28,male,2,own,moderate,250 to 1554,12 to 24,business,good
146,4,28 to 38,female,2,own,little,250 to 1554,4 to 12,car,good
147,4,28 to 38,female,2,own,moderate,250 to 1554,4 to 12,car,good
148,4,19 to 28,male,2,own,little,250 to 1554,12 to 24,furniture/equipment,good
149,4,28 to 38,male,2,own,rich,250 to 1554,4 to 12,radio/TV,good
150,2,28 to 38,male,2,free,moderate,250 to 1554,4 to 12,radio/TV,good
151,2,28 to 38,male,2,own,little,250 to 1554,4 to 12,radio/TV,good
152,2,19 to 28,male,2,own,little,250 to 1554,12 to 24,radio/TV,good
153,4,19 to 28,female,2,rent,rich,1554 to 3368,4 to 12,car,good
154,3,19 to 28,male,3,rent,moderate,1554 to 3368,4 to 12,business,good
155,2,19 to 28,female,2,rent,little,250 to 1554,4 to 12,furniture/equipment,bad
156,4,28 to 38,male,2,own,moderate,250 to 1554,4 to 12,repairs,good
157,1,28 to 38,male,1,own,little,250 to 1554,4 to 12,education,good
158,2,28 to 38,male,2,own,moderate,250 to 1554,4 to 12,car,good
159,4,19 to 28,male,1,own,no account,250 to 1554,4 to 12,radio/TV,good
160,4,19 to 28,male,2,own,moderate,250 to 1554,4 to 12,radio/TV,good
161,4,19 to 28,female,2,own,little,250 to 1554,4 to 12,car,good
162,2,19 to 28,male,2,own,quite rich,250 to 1554,4 to 12,domestic appliances,good
163,2,38 to 75,male,3,free,little,1554 to 3368,4 to 12,car,good
164,2,19 to 28,male,2,own,quite rich,250 to 1554,12 to 24,car,good
165,2,19 to 28,male,2,own,quite rich,250 to 1554,4 to 12,furniture/equipment,good
166,2,19 to 28,female,2,own,little,250 to 1554,4 to 12,furniture/equipment,bad
167,2,19 to 28,female,2,own,rich,250 to 1554,4 to 12,furniture/equipment,good
168,2,19 to 28,female,2,rent,little,250 to 1554,4 to 12,furniture/equipment,good
169,4,19 to 28,male,2,own,little,250 to 1554,4 to 12,business,bad
170,0,19 to 28,male,2,rent,little,250 to 1554,4 to 12,car,bad
171,2,19 to 28,female,2,own,little,250 to 1554,4 to 12,furniture/equipment,good
172,3,19 to 28,female,3,own,little,250 to 1554,4 to 12,furniture/equipment,bad
173,2,19 to 28,male,2,own,little,250 to 1554,4 to 12,radio/TV,good
174,3,19 to 28,male,2,own,little,250 to 1554,4 to 12,education,bad
175,1,28 to 38,female,3,own,no account,1554 to 3368,12 to 24,car,bad
176,2,28 to 38,male,2,own,little,250 to 1554,4 to 12,furniture/equipment,good
177,4,28 to 38,male,2,own,quite rich,250 to 1554,4 to 12,radio/TV,good
178,2,19 to 28,male,3,rent,little,250 to 1554,4 to 12,radio/TV,good
179,4,38 to 75,male,2,own,little,250 to 1554,4 to 12,car,good
180,3,19 to 28,male,2,own,little,1554 to 3368,12 to 24,business,bad
181,3,19 to 28,male,3,own,little,250 to 1554,12 to 24,business,bad
182,1,28 to 38,male,1,own,no account,250 to 1554,4 to 12,car,bad
183,4,28 to 38,male,2,own,rich,250 to 1554,4 to 12,furniture/equipment,good
184,4,19 to 28,male,2,own,little,250 to 1554,4 to 12,car,bad
185,4,19 to 28,male,2,own,little,250 to 1554,4 to 12,radio/TV,good
186,1,38 to 75,female,3,free,little,250 to 1554,4 to 12,car,bad
187,4,38 to 75,male,0,free,little,250 to 1554,4 to 12,car,good
188,2,19 to 28,male,2,own,moderate,250 to 1554,4 to 12,radio/TV,bad
189,0,19 to 28,female,2,own,little,250 to 1554,4 to 12,furniture/equipment,good
190,2,28 to 38,male,3,own,rich,250 to 1554,4 to 12,business,bad
191,0,19 to 28,male,1,free,moderate,250 to 1554,12 to 24,business,bad
192,2,19 to 28,male,2,own,little,250 to 1554,12 to 24,business,bad
193,2,19 to 28,male,2,rent,little,250 to 1554,4 to 12,radio/TV,good
194,2,19 to 28,male,2,rent,moderate,250 to 1554,12 to 24,radio/TV,bad
195,4,19 to 28,female,3,own,little,250 to 1554,4 to 12,education,bad
196,4,19 to 28,female,2,own,little,250 to 1554,4 to 12,radio/TV,good
197,2,19 to 28,female,2,rent,moderate,250 to 1554,4 to 12,furniture/equipment,bad
198,2,19 to 28,male,2,free,no account,250 to 1554,4 to 12,car,good
199,3,28 to 38,male,3,own,little,250 to 1554,4 to 12,furniture/equipment,bad
200,4,28 to 38,male,2,own,quite rich,250 to 1554,4 to 12,education,good
201,2,19 to 28,male,1,own,little,250 to 1554,4 to 12,car,good
202,3,19 to 28,male,2,own,little,250 to 1554,12 to 24,business,good
203,2,19 to 28,male,2,rent,little,250 to 1554,4 to 12,education,bad
204,4,28 to 38,male,1,own,little,250 to 1554,4 to 12,car,good
205,4,28 to 38,male,3,free,little,1554 to 3368,12 to 24,car,good
206,4,28 to 38,male,2,own,little,250 to 1554,4 to 12,furniture/equipment,good
207,4,19 to 28,male,2,own,little,250 to 1554,4 to 12,domestic appliances,good
208,2,19 to 28,male,1,own,little,1554 to 3368,4 to 12,business,good
209,2,28 to 38,male,2,own,rich,250 to 1554,4 to 12,car,good
210,4,19 to 28,male,2,own,no account,250 to 1554,4 to 12,radio/TV,good
211,2,28 to 38,female,1,own,no account,250 to 1554,12 to 24,radio/TV,good
212,0,28 to 38,male,2,own,little,250 to 1554,12 to 24,business,bad
213,3,38 to 75,male,3,own,little,250 to 1554,12 to 24,business,bad
214,4,28 to 38,male,2,own,no account,250 to 1554,12 to 24,radio/TV,good
215,4,28 to 38,female,1,own,no account,250 to 1554,4 to 12,education,good
216,0,19 to 28,male,2,own,little,250 to 1554,4 to 12,business,good
217,2,19 to 28,male,2,own,little,250 to 1554,12 to 24,radio/TV,good
218,2,19 to 28,male,1,rent,little,250 to 1554,4 to 12,furniture/equipment,good
219,2,38 to 75,female,2,own,little,250 to 1554,4 to 12,car,good
220,2,19 to 28,male,1,own,little,250 to 1554,4 to 12,radio/TV,good
221,2,19 to 28,female,2,rent,no account,250 to 1554,4 to 12,education,good
222,2,19 to 28,male,2,own,little,250 to 1554,4 to 12,radio/TV,good
223,3,19 to 28,male,2,own,no account,250 to 1554,4 to 12,business,good
224,2,19 to 28,male,2,own,little,250 to 1554,4 to 12,car,good
225,0,19 to 28,male,2,own,little,250 to 1554,12 to 24,repairs,good
226,2,19 to 28,male,2,own,rich,1554 to 3368,12 to 24,radio/TV,bad
227,2,28 to 38,male,3,free,little,1554 to 3368,4 to 12,furniture/equipment,bad
228,2,19 to 28,male,2,own,little,250 to 1554,4 to 12,radio/TV,bad
229,2,19 to 28,male,2,free,little,250 to 1554,4 to 12,furniture/equipment,good
230,2,19 to 28,male,2,own,little,250 to 1554,12 to 24,radio/TV,bad
231,2,28 to 38,male,1,free,quite rich,250 to 1554,4 to 12,car,good
232,2,19 to 28,male,2,own,moderate,250 to 1554,4 to 12,radio/TV,good
233,2,19 to 28,male,1,own,little,250 to 1554,4 to 12,radio/TV,good
234,4,28 to 38,male,1,own,little,250 to 1554,4 to 12,radio/TV,good
235,2,19 to 28,male,3,own,little,250 to 1554,4 to 12,radio/TV,bad
236,2,19 to 28,male,0,own,no account,3368 to 18424,4 to 12,car,bad
237,2,38 to 75,male,1,rent,moderate,250 to 1554,4 to 12,business,bad
238,4,19 to 28,female,2,own,little,250 to 1554,4 to 12,radio/TV,good
239,2,28 to 38,male,2,own,little,250 to 1554,12 to 24,radio/TV,good
240,2,19 to 28,female,2,own,no account,250 to 1554,4 to 12,car,bad
241,2,28 to 38,male,2,own,little,250 to 1554,4 to 12,radio/TV,good
242,0,19 to 28,male,2,free,little,250 to 1554,12 to 24,car,bad
243,4,19 to 28,female,2,own,little,250 to 1554,4 to 12,business,good
244,1,19 to 28,female,1,own,quite rich,250 to 1554,4 to 12,education,good
245,2,19 to 28,male,2,own,little,250 to 1554,4 to 12,business,good
246,4,28 to 38,male,2,own,little,250 to 1554,4 to 12,radio/TV,good
247,0,19 to 28,male,2,rent,moderate,250 to 1554,4 to 12,car,good
248,2,19 to 28,male,2,own,little,250 to 1554,4 to 12,furniture/equipment,good
249,2,19 to 28,female,2,rent,little,250 to 1554,4 to 12,radio/TV,bad
250,4,28 to 38,female,1,own,rich,250 to 1554,4 to 12,car,good
251,2,28 to 38,female,1,own,little,250 to 1554,4 to 12,furniture/equipment,good
252,2,19 to 28,female,2,own,little,250 to 1554,12 to 24,car,bad
253,3,19 to 28,male,2,own,moderate,250 to 1554,4 to 12,furniture/equipment,good
254,2,19 to 28,male,2,own,no account,250 to 1554,4 to 12,furniture/equipment,good
255,3,19 to 28,male,1,own,no account,1554 to 3368,24 to 72,radio/TV,good
256,4,19 to 28,male,1,own,little,250 to 1554,4 to 12,radio/TV,good
257,1,19 to 28,male,2,free,little,250 to 1554,4 to 12,radio/TV,bad
258,2,19 to 28,female,2,own,moderate,250 to 1554,4 to 12,car,good
259,4,38 to 75,female,1,own,moderate,250 to 1554,4 to 12,radio/TV,good
260,2,19 to 28,male,2,own,little,250 to 1554,4 to 12,furniture/equipment,good
261,2,28 to 38,female,2,own,little,250 to 1554,4 to 12,radio/TV,good
262,4,19 to 28,male,3,free,little,250 to 1554,4 to 12,car,good
263,4,38 to 75,female,1,free,little,250 to 1554,4 to 12,education,good
264,4,19 to 28,male,1,own,little,250 to 1554,4 to 12,car,good
265,2,19 to 28,male,2,own,little,250 to 1554,4 to 12,radio/TV,bad
266,4,19 to 28,male,2,own,no account,250 to 1554,12 to 24,business,good
267,2,28 to 38,female,2,own,little,250 to 1554,4 to 12,radio/TV,good
268,2,28 to 38,male,3,own,little,1554 to 3368,4 to 12,car,bad
269,2,19 to 28,male,2,own,no account,250 to 1554,4 to 12,radio/TV,good
270,2,19 to 28,male,2,own,no account,250 to 1554,4 to 12,car,good
271,4,19 to 28,female,2,rent,quite rich,250 to 1554,4 to 12,furniture/equipment,good
272,1,19 to 28,male,3,free,no account,1554 to 3368,12 to 24,car,good
273,2,19 to 28,male,2,own,little,250 to 1554,12 to 24,radio/TV,bad
274,2,19 to 28,male,1,own,little,1554 to 3368,12 to 24,repairs,bad
275,2,19 to 28,male,2,own,little,250 to 1554,4 to 12,radio/TV,good
276,4,19 to 28,female,2,own,little,250 to 1554,4 to 12,radio/TV,good
277,2,28 to 38,male,1,own,no account,250 to 1554,4 to 12,furniture/equipment,good
278,2,19 to 28,female,2,own,little,250 to 1554,4 to 12,furniture/equipment,bad
279,2,19 to 28,male,3,rent,moderate,250 to 1554,4 to 12,radio/TV,good
280,4,19 to 28,male,2,rent,rich,250 to 1554,4 to 12,car,good
281,2,28 to 38,male,2,own,little,250 to 1554,4 to 12,furniture/equipment,good
282,1,28 to 38,male,1,own,no account,250 to 1554,4 to 12,radio/TV,good
283,4,38 to 75,male,2,own,no account,250 to 1554,4 to 12,furniture/equipment,good
284,4,19 to 28,male,2,own,moderate,250 to 1554,4 to 12,car,good
285,2,19 to 28,female,1,own,little,1554 to 3368,12 to 24,car,good
286,2,19 to 28,male,2,own,little,250 to 1554,12 to 24,car,good
287,3,19 to 28,male,3,free,moderate,1554 to 3368,12 to 24,vacation/others,good
288,2,28 to 38,female,2,own,little,250 to 1554,4 to 12,radio/TV,good
289,3,28 to 38,male,2,own,little,250 to 1554,4 to 12,radio/TV,bad
290,2,19 to 28,male,2,own,little,250 to 1554,4 to 12,business,good
291,2,19 to 28,male,3,rent,little,1554 to 3368,12 to 24,car,bad
292,4,28 to 38,female,3,free,little,1554 to 3368,4 to 12,car,good
293,4,28 to 38,male,2,free,little,250 to 1554,12 to 24,car,good
294,4,28 to 38,male,3,own,no account,1554 to 3368,12 to 24,business,good
295,2,19 to 28,female,2,own,little,1554 to 3368,12 to 24,furniture/equipment,bad
296,2,19 to 28,female,2,rent,no account,250 to 1554,4 to 12,car,good
297,2,28 to 38,male,1,own,no account,250 to 1554,4 to 12,car,good
298,2,28 to 38,male,2,own,little,250 to 1554,4 to 12,furniture/equipment,good
299,4,19 to 28,male,2,own,rich,250 to 1554,4 to 12,furniture/equipment,good
300,2,28 to 38,female,0,own,little,250 to 1554,4 to 12,car,good
301,0,28 to 38,female,2,own,little,250 to 1554,12 to 24,radio/TV,bad
302,4,19 to 28,male,1,own,no account,250 to 1554,4 to 12,car,bad
303,4,28 to 38,male,2,own,little,250 to 1554,4 to 12,car,good
304,4,28 to 38,male,2,free,quite rich,1554 to 3368,12 to 24,car,bad
305,2,19 to 28,male,2,own,rich,250 to 1554,4 to 12,furniture/equipment,good
306,2,19 to 28,female,1,rent,no account,250 to 1554,12 to 24,car,good
307,2,19 to 28,male,1,own,moderate,250 to 1554,4 to 12,radio/TV,bad
308,2,19 to 28,female,2,own,little,250 to 1554,4 to 12,furniture/equipment,bad
309,2,19 to 28,male,1,rent,little,250 to 1554,4 to 12,car,good
310,2,28 to 38,male,0,free,no account,250 to 1554,12 to 24,vacation/others,good
311,2,19 to 28,male,2,own,moderate,250 to 1554,4 to 12,furniture/equipment,good
312,2,19 to 28,female,2,own,little,250 to 1554,4 to 12,furniture/equipment,good
313,2,19 to 28,male,1,own,little,250 to 1554,4 to 12,car,bad
314,2,19 to 28,male,1,own,no account,250 to 1554,4 to 12,car,good
315,1,19 to 28,male,2,own,little,250 to 1554,12 to 24,furniture/equipment,bad
316,2,28 to 38,male,1,own,little,250 to 1554,4 to 12,furniture/equipment,good
317,2,28 to 38,female,1,own,no account,250 to 1554,4 to 12,furniture/equipment,good
318,4,19 to 28,male,2,own,little,250 to 1554,4 to 12,education,good
319,3,19 to 28,female,1,own,little,250 to 1554,4 to 12,furniture/equipment,good
320,4,19 to 28,male,3,own,little,250 to 1554,12 to 24,car,bad
321,2,19 to 28,male,2,own,little,250 to 1554,4 to 12,radio/TV,bad
322,2,19 to 28,male,3,free,little,250 to 1554,4 to 12,car,good
323,2,19 to 28,male,2,own,rich,250 to 1554,4 to 12,furniture/equipment,good
324,4,19 to 28,female,2,own,little,250 to 1554,4 to 12,car,good
325,4,28 to 38,male,1,own,little,250 to 1554,4 to 12,car,good
326,4,28 to 38,male,2,rent,no account,250 to 1554,4 to 12,furniture/equipment,good
327,2,19 to 28,female,2,own,rich,250 to 1554,4 to 12,car,good
328,2,19 to 28,male,2,own,little,250 to 1554,12 to 24,radio/TV,good
329,2,19 to 28,male,2,own,little,250 to 1554,4 to 12,radio/TV,good
330,4,38 to 75,male,3,free,little,1554 to 3368,4 to 12,car,good
331,4,19 to 28,female,2,own,moderate,250 to 1554,4 to 12,education,bad
332,2,19 to 28,female,3,own,moderate,1554 to 3368,24 to 72,car,bad
333,4,19 to 28,female,1,rent,moderate,1554 to 3368,12 to 24,car,bad
334,0,19 to 28,male,2,rent,little,250 to 1554,4 to 12,furniture/equipment,bad
335,4,28 to 38,male,3,rent,little,250 to 1554,4 to 12,furniture/equipment,bad
336,2,19 to 28,female,1,own,little,250 to 1554,4 to 12,radio/TV,good
337,2,19 to 28,female,2,rent,no account,250 to 1554,4 to 12,domestic appliances,bad
338,2,19 to 28,male,2,own,little,250 to 1554,4 to 12,furniture/equipment,good
339,2,19 to 28,male,1,own,little,250 to 1554,4 to 12,furniture/equipment,good
340,4,19 to 28,female,2,free,little,250 to 1554,4 to 12,education,good
341,2,19 to 28,female,1,rent,little,250 to 1554,4 to 12,furniture/equipment,good
342,2,19 to 28,male,2,rent,quite rich,250 to 1554,4 to 12,radio/TV,good
343,2,19 to 28,male,3,own,little,250 to 1554,4 to 12,business,good
344,2,19 to 28,male,1,own,little,250 to 1554,4 to 12,car,good
345,4,28 to 38,female,1,own,little,250 to 1554,4 to 12,radio/TV,good
346,4,19 to 28,male,2,own,little,250 to 1554,4 to 12,radio/TV,good
347,2,19 to 28,female,0,rent,quite rich,250 to 1554,4 to 12,radio/TV,good
348,3,19 to 28,male,1,own,moderate,250 to 1554,4 to 12,business,good
349,4,19 to 28,male,2,free,rich,250 to 1554,4 to 12,education,bad
350,2,19 to 28,female,2,rent,little,250 to 1554,4 to 12,domestic appliances,good
351,2,19 to 28,female,2,own,little,250 to 1554,4 to 12,furniture/equipment,bad
352,4,28 to 38,male,3,own,no account,250 to 1554,4 to 12,car,good
353,0,19 to 28,male,2,rent,little,250 to 1554,4 to 12,radio/TV,bad
354,2,28 to 38,male,2,free,quite rich,250 to 1554,4 to 12,education,good
355,2,19 to 28,male,1,own,little,250 to 1554,4 to 12,car,bad
356,4,28 to 38,male,2,own,no account,250 to 1554,4 to 12,radio/TV,good
357,3,19 to 28,male,3,own,little,250 to 1554,12 to 24,radio/TV,bad
358,2,19 to 28,male,2,own,little,250 to 1554,4 to 12,radio/TV,good
359,2,19 to 28,female,2,rent,little,250 to 1554,12 to 24,furniture/equipment,bad
360,2,38 to 75,male,2,free,no account,250 to 1554,4 to 12,education,good
361,2,19 to 28,male,3,own,no account,250 to 1554,4 to 12,radio/TV,good
362,3,19 to 28,female,2,own,little,250 to 1554,4 to 12,car,good
363,2,19 to 28,male,2,rent,little,250 to 1554,4 to 12,furniture/equipment,good
364,2,19 to 28,male,0,own,little,250 to 1554,4 to 12,furniture/equipment,bad
365,2,19 to 28,male,2,own,little,250 to 1554,4 to 12,business,good
366,4,19 to 28,male,2,own,little,250 to 1554,4 to 12,car,good
367,2,19 to 28,female,2,rent,little,250 to 1554,4 to 12,furniture/equipment,good
368,2,28 to 38,male,2,own,little,250 to 1554,12 to 24,furniture/equipment,bad
369,2,28 to 38,female,2,rent,little,250 to 1554,4 to 12,furniture/equipment,good
370,2,19 to 28,male,2,own,no account,250 to 1554,12 to 24,car,good
371,4,19 to 28,male,2,own,little,250 to 1554,4 to 12,radio/TV,good
372,4,19 to 28,female,2,rent,little,250 to 1554,4 to 12,furniture/equipment,good
373,4,38 to 75,male,3,free,no account,3368 to 18424,24 to 72,car,good
374,1,38 to 75,female,3,free,moderate,3368 to 18424,24 to 72,vacation/others,bad
375,1,19 to 28,female,2,rent,little,1554 to 3368,12 to 24,business,bad
376,3,19 to 28,male,2,own,little,250 to 1554,4 to 12,radio/TV,good
377,3,19 to 28,male,2,free,no account,250 to 1554,4 to 12,radio/TV,good
378,2,38 to 75,male,3,free,little,3368 to 18424,12 to 24,car,bad
379,4,28 to 38,female,1,own,moderate,250 to 1554,4 to 12,car,good
380,2,28 to 38,male,2,own,no account,250 to 1554,4 to 12,furniture/equipment,good
381,2,28 to 38,female,3,free,little,3368 to 18424,4 to 12,car,bad
382,2,19 to 28,female,2,rent,no account,250 to 1554,4 to 12,car,good
383,2,19 to 28,male,2,own,little,250 to 1554,4 to 12,car,good
384,3,19 to 28,male,1,own,moderate,250 to 1554,12 to 24,business,good
385,4,19 to 28,female,2,own,little,250 to 1554,4 to 12,radio/TV,good
386,2,19 to 28,female,2,rent,no account,250 to 1554,4 to 12,radio/TV,good
387,4,28 to 38,male,3,own,little,1554 to 3368,4 to 12,furniture/equipment,good
388,4,19 to 28,male,2,own,quite rich,250 to 1554,4 to 12,business,good
389,2,19 to 28,female,2,own,little,250 to 1554,4 to 12,business,good
390,2,19 to 28,male,3,own,little,250 to 1554,4 to 12,car,good
391,2,19 to 28,female,1,rent,rich,250 to 1554,4 to 12,furniture/equipment,good
392,2,28 to 38,male,3,free,little,250 to 1554,12 to 24,car,good
393,4,19 to 28,female,2,own,little,250 to 1554,4 to 12,radio/TV,good
394,4,19 to 28,male,3,own,little,250 to 1554,4 to 12,furniture/equipment,good
395,3,19 to 28,male,2,rent,moderate,1554 to 3368,12 to 24,education,good
396,2,28 to 38,female,3,free,little,250 to 1554,4 to 12,furniture/equipment,good
397,4,28 to 38,male,2,own,little,250 to 1554,12 to 24,furniture/equipment,good
398,2,28 to 38,male,2,rent,little,250 to 1554,4 to 12,car,bad
399,4,28 to 38,female,1,own,rich,250 to 1554,4 to 12,radio/TV,good
400,2,28 to 38,male,2,own,little,250 to 1554,4 to 12,radio/TV,good
401,4,19 to 28,male,2,own,no account,250 to 1554,4 to 12,business,good
402,3,19 to 28,male,2,own,little,1554 to 3368,4 to 12,business,bad
403,3,19 to 28,male,1,own,little,250 to 1554,4 to 12,car,good
404,3,28 to 38,male,2,own,no account,250 to 1554,4 to 12,car,good
405,2,19 to 28,male,2,own,little,250 to 1554,4 to 12,radio/TV,bad
406,4,28 to 38,male,2,own,no account,250 to 1554,4 to 12,car,good
407,2,19 to 28,male,2,own,little,250 to 1554,4 to 12,radio/TV,good
408,2,19 to 28,male,3,own,quite rich,250 to 1554,4 to 12,radio/TV,good
409,4,19 to 28,male,2,own,quite rich,250 to 1554,4 to 12,car,bad
410,2,19 to 28,female,2,own,little,250 to 1554,4 to 12,radio/TV,good
411,4,19 to 28,male,3,own,little,1554 to 3368,12 to 24,car,good
412,4,28 to 38,male,3,own,little,250 to 1554,4 to 12,business,bad
413,2,28 to 38,male,1,rent,quite rich,250 to 1554,4 to 12,car,good
414,2,19 to 28,female,2,own,no account,250 to 1554,4 to 12,car,bad
415,4,19 to 28,male,2,own,little,250 to 1554,12 to 24,car,good
416,2,19 to 28,male,1,own,little,250 to 1554,4 to 12,car,bad
417,3,19 to 28,female,2,rent,no account,1554 to 3368,4 to 12,education,good
418,2,19 to 28,female,3,own,quite rich,250 to 1554,4 to 12,car,good
419,2,19 to 28,female,2,own,no account,250 to 1554,4 to 12,car,bad
420,2,19 to 28,female,2,rent,rich,250 to 1554,4 to 12,car,good
421,2,19 to 28,male,2,own,no account,250 to 1554,4 to 12,car,good
422,4,28 to 38,male,1,own,little,250 to 1554,4 to 12,car,good
423,3,19 to 28,male,3,own,moderate,250 to 1554,4 to 12,furniture/equipment,good
424,2,19 to 28,female,2,own,no account,250 to 1554,4 to 12,furniture/equipment,bad
425,2,19 to 28,male,2,rent,little,250 to 1554,4 to 12,car,good
426,4,19 to 28,male,2,own,little,250 to 1554,12 to 24,radio/TV,good
427,4,28 to 38,male,2,own,rich,250 to 1554,4 to 12,radio/TV,good
428,2,19 to 28,male,2,own,little,250 to 1554,4 to 12,furniture/equipment,good
429,4,28 to 38,female,0,free,little,250 to 1554,4 to 12,repairs,bad
430,2,38 to 75,male,1,own,little,250 to 1554,4 to 12,business,good
431,2,19 to 28,male,3,own,little,1554 to 3368,4 to 12,vacation/others,bad
432,4,19 to 28,male,3,free,little,250 to 1554,4 to 12,furniture/equipment,good
433,4,19 to 28,male,2,own,little,250 to 1554,4 to 12,repairs,good
434,2,19 to 28,male,2,own,little,250 to 1554,4 to 12,furniture/equipment,good
435,2,19 to 28,male,2,own,no account,250 to 1554,4 to 12,radio/TV,bad
436,2,19 to 28,male,1,rent,quite rich,250 to 1554,4 to 12,repairs,good
437,4,19 to 28,female,2,own,rich,250 to 1554,4 to 12,car,good
438,4,38 to 75,male,0,own,little,250 to 1554,12 to 24,repairs,good
439,1,19 to 28,female,0,own,little,250 to 1554,4 to 12,business,bad
440,2,28 to 38,male,3,own,little,250 to 1554,4 to 12,car,good
441,2,19 to 28,female,2,own,little,250 to 1554,4 to 12,furniture/equipment,good
442,3,19 to 28,male,2,own,little,250 to 1554,4 to 12,vacation/others,good
443,2,28 to 38,male,1,own,little,250 to 1554,4 to 12,education,bad
444,4,19 to 28,female,3,own,little,250 to 1554,12 to 24,furniture/equipment,bad
445,4,28 to 38,female,1,rent,no account,250 to 1554,4 to 12,education,good
446,2,19 to 28,female,2,own,little,250 to 1554,12 to 24,car,bad
447,2,19 to 28,male,2,own,little,250 to 1554,4 to 12,radio/TV,good
448,2,28 to 38,female,3,own,no account,250 to 1554,4 to 12,furniture/equipment,good
449,3,38 to 75,male,2,own,rich,250 to 1554,4 to 12,repairs,bad
450,4,19 to 28,male,3,own,no account,1554 to 3368,12 to 24,car,good
451,2,19 to 28,female,2,own,little,250 to 1554,4 to 12,radio/TV,good
452,0,19 to 28,male,2,own,little,250 to 1554,4 to 12,furniture/equipment,good
453,2,19 to 28,male,3,own,little,250 to 1554,4 to 12,car,good
454,2,19 to 28,male,2,own,little,250 to 1554,4 to 12,car,bad
455,2,19 to 28,female,3,own,little,250 to 1554,4 to 12,car,good
456,4,19 to 28,male,2,rent,little,250 to 1554,4 to 12,car,good
457,2,19 to 28,male,2,free,little,250 to 1554,4 to 12,car,bad
458,2,19 to 28,female,2,own,little,250 to 1554,4 to 12,domestic appliances,good
459,2,19 to 28,male,2,own,little,250 to 1554,4 to 12,radio/TV,good
460,2,19 to 28,male,2,own,little,250 to 1554,12 to 24,furniture/equipment,good
461,2,19 to 28,male,2,own,little,250 to 1554,4 to 12,car,good
462,2,19 to 28,female,3,rent,little,250 to 1554,4 to 12,furniture/equipment,good
463,2,28 to 38,male,2,own,no account,250 to 1554,4 to 12,education,good
464,2,19 to 28,male,2,own,little,250 to 1554,4 to 12,business,good
465,2,38 to 75,male,2,own,little,250 to 1554,4 to 12,car,good
466,3,19 to 28,female,1,rent,little,250 to 1554,4 to 12,radio/TV,bad
467,3,19 to 28,male,2,own,no account,1554 to 3368,12 to 24,radio/TV,good
468,3,19 to 28,female,2,own,little,250 to 1554,12 to 24,business,good
469,3,19 to 28,male,1,own,little,250 to 1554,4 to 12,car,good
470,2,19 to 28,male,2,rent,moderate,250 to 1554,4 to 12,radio/TV,bad
471,2,19 to 28,female,2,own,little,250 to 1554,4 to 12,education,bad
472,2,19 to 28,male,1,own,little,250 to 1554,4 to 12,car,bad
473,2,19 to 28,male,3,own,no account,250 to 1554,4 to 12,education,good
474,4,19 to 28,male,2,own,little,250 to 1554,4 to 12,radio/TV,bad
475,0,19 to 28,female,2,rent,little,250 to 1554,4 to 12,furniture/equipment,bad
476,2,19 to 28,male,2,own,quite rich,250 to 1554,12 to 24,car,good
477,2,19 to 28,male,2,own,little,250 to 1554,4 to 12,radio/TV,good
478,2,28 to 38,male,1,own,moderate,250 to 1554,4 to 12,business,good
479,4,28 to 38,male,2,own,little,250 to 1554,4 to 12,furniture/equipment,good
480,4,19 to 28,female,1,own,little,250 to 1554,4 to 12,radio/TV,good
481,2,19 to 28,male,2,own,little,250 to 1554,4 to 12,car,good
482,2,38 to 75,female,2,rent,rich,250 to 1554,12 to 24,furniture/equipment,good
483,3,19 to 28,female,2,own,rich,250 to 1554,4 to 12,furniture/equipment,good
484,4,28 to 38,male,2,own,quite rich,250 to 1554,4 to 12,car,good
485,3,28 to 38,male,3,own,little,250 to 1554,4 to 12,car,bad
486,2,28 to 38,male,2,own,little,250 to 1554,4 to 12,radio/TV,good
487,2,38 to 75,female,2,free,little,250 to 1554,4 to 12,car,good
488,2,19 to 28,male,1,rent,moderate,250 to 1554,4 to 12,car,good
489,2,19 to 28,male,2,rent,little,250 to 1554,4 to 12,car,good
490,4,19 to 28,male,2,own,little,250 to 1554,4 to 12,radio/TV,good
491,0,28 to 38,female,3,free,little,1554 to 3368,12 to 24,business,bad
492,4,19 to 28,female,2,own,moderate,250 to 1554,4 to 12,radio/TV,good
493,2,28 to 38,male,2,own,no account,250 to 1554,4 to 12,radio/TV,good
494,4,28 to 38,male,1,rent,little,250 to 1554,4 to 12,car,good
495,2,19 to 28,male,2,own,no account,250 to 1554,4 to 12,furniture/equipment,bad
496,2,19 to 28,male,3,rent,moderate,1554 to 3368,12 to 24,furniture/equipment,bad
497,4,28 to 38,male,2,own,little,250 to 1554,4 to 12,furniture/equipment,good
498,2,19 to 28,male,1,own,little,250 to 1554,4 to 12,radio/TV,good
499,4,19 to 28,male,2,own,moderate,250 to 1554,4 to 12,car,good
500,2,19 to 28,female,2,own,little,250 to 1554,4 to 12,car,bad
501,2,28 to 38,male,2,free,little,250 to 1554,12 to 24,car,good
502,2,28 to 38,male,2,own,moderate,250 to 1554,4 to 12,radio/TV,good
503,4,28 to 38,male,2,own,moderate,250 to 1554,4 to 12,radio/TV,bad
504,2,19 to 28,female,2,rent,little,250 to 1554,4 to 12,car,bad
505,2,19 to 28,male,1,own,no account,250 to 1554,4 to 12,car,bad
506,4,19 to 28,male,2,own,quite rich,250 to 1554,4 to 12,car,good
507,1,19 to 28,male,3,own,moderate,1554 to 3368,4 to 12,car,bad
508,2,19 to 28,male,2,own,little,250 to 1554,4 to 12,radio/TV,good
509,2,28 to 38,male,3,own,moderate,1554 to 3368,12 to 24,car,good
510,2,19 to 28,male,2,own,little,250 to 1554,4 to 12,car,bad
511,2,19 to 28,male,3,free,little,250 to 1554,12 to 24,car,good
512,2,19 to 28,male,2,rent,little,250 to 1554,4 to 12,business,good
513,3,19 to 28,male,2,rent,little,250 to 1554,4 to 12,radio/TV,good
514,2,28 to 38,male,2,own,no account,250 to 1554,4 to 12,car,good
515,4,19 to 28,female,2,own,little,250 to 1554,4 to 12,car,good
516,4,28 to 38,male,1,own,little,250 to 1554,4 to 12,car,good
517,4,19 to 28,female,2,rent,little,1554 to 3368,12 to 24,furniture/equipment,bad
518,2,28 to 38,male,2,own,moderate,250 to 1554,4 to 12,car,good
519,4,19 to 28,male,2,free,no account,250 to 1554,4 to 12,radio/TV,good
520,4,28 to 38,male,2,free,little,250 to 1554,4 to 12,repairs,good
521,2,19 to 28,female,2,own,little,250 to 1554,4 to 12,radio/TV,bad
522,0,28 to 38,male,2,free,little,1554 to 3368,12 to 24,furniture/equipment,bad
523,2,19 to 28,female,2,own,moderate,250 to 1554,4 to 12,car,good
524,2,19 to 28,female,1,own,little,250 to 1554,4 to 12,radio/TV,good
525,2,19 to 28,male,2,own,little,1554 to 3368,4 to 12,car,good
526,4,19 to 28,female,2,own,moderate,250 to 1554,4 to 12,education,good
527,4,28 to 38,male,1,own,little,250 to 1554,4 to 12,radio/TV,good
528,2,19 to 28,male,2,rent,little,250 to 1554,12 to 24,radio/TV,bad
529,2,28 to 38,male,1,own,little,250 to 1554,4 to 12,car,good
530,2,19 to 28,male,2,own,little,250 to 1554,12 to 24,education,good
531,2,19 to 28,female,2,rent,moderate,250 to 1554,4 to 12,car,bad
532,3,28 to 38,male,2,rent,little,250 to 1554,4 to 12,car,good
533,2,19 to 28,male,2,own,moderate,250 to 1554,4 to 12,radio/TV,good
534,2,19 to 28,male,2,own,no account,250 to 1554,4 to 12,radio/TV,good
535,4,19 to 28,male,2,rent,little,250 to 1554,4 to 12,education,bad
536,2,38 to 75,female,3,own,no account,250 to 1554,4 to 12,car,good
537,4,19 to 28,female,2,own,little,250 to 1554,4 to 12,furniture/equipment,good
538,2,28 to 38,male,3,free,little,1554 to 3368,12 to 24,car,bad
539,2,28 to 38,female,1,own,little,250 to 1554,4 to 12,furniture/equipment,good
540,2,19 to 28,male,2,rent,little,250 to 1554,4 to 12,radio/TV,bad
541,3,38 to 75,male,2,free,little,250 to 1554,4 to 12,car,good
542,2,19 to 28,male,2,own,no account,1554 to 3368,12 to 24,furniture/equipment,bad
543,2,19 to 28,male,1,own,little,250 to 1554,4 to 12,furniture/equipment,bad
544,4,38 to 75,male,1,own,little,250 to 1554,4 to 12,car,good
545,3,28 to 38,male,2,free,little,250 to 1554,4 to 12,car,bad
546,4,19 to 28,female,2,own,little,250 to 1554,4 to 12,car,good
547,2,19 to 28,male,2,own,little,250 to 1554,4 to 12,radio/TV,good
548,1,19 to 28,female,1,own,little,250 to 1554,4 to 12,radio/TV,bad
549,4,19 to 28,male,2,free,no account,1554 to 3368,12 to 24,car,good
550,4,19 to 28,female,2,own,no account,250 to 1554,4 to 12,repairs,good
551,1,28 to 38,male,1,own,quite rich,250 to 1554,4 to 12,radio/TV,good
552,2,19 to 28,male,2,own,little,1554 to 3368,12 to 24,radio/TV,bad
553,4,19 to 28,male,2,own,moderate,250 to 1554,4 to 12,car,good
554,2,38 to 75,female,3,own,little,250 to 1554,4 to 12,education,good
555,2,19 to 28,male,2,own,little,250 to 1554,4 to 12,radio/TV,bad
556,0,19 to 28,female,2,own,moderate,250 to 1554,4 to 12,car,bad
557,0,19 to 28,female,2,own,no account,250 to 1554,4 to 12,car,bad
558,1,19 to 28,male,2,own,little,250 to 1554,4 to 12,furniture/equipment,bad
559,4,19 to 28,male,1,own,little,250 to 1554,4 to 12,furniture/equipment,bad
560,2,28 to 38,male,2,free,no account,250 to 1554,4 to 12,car,good
561,1,19 to 28,male,1,rent,little,250 to 1554,4 to 12,radio/TV,bad
562,3,19 to 28,female,2,own,little,250 to 1554,4 to 12,radio/TV,good
563,2,19 to 28,male,2,free,no account,3368 to 18424,12 to 24,car,bad
564,3,19 to 28,male,3,own,no account,250 to 1554,4 to 12,business,good
565,3,19 to 28,female,2,rent,moderate,250 to 1554,4 to 12,radio/TV,good
566,2,19 to 28,male,2,own,little,250 to 1554,4 to 12,car,bad
567,4,19 to 28,male,2,own,rich,250 to 1554,4 to 12,radio/TV,good
568,2,28 to 38,male,2,own,no account,250 to 1554,12 to 24,radio/TV,good
569,2,19 to 28,female,2,own,little,1554 to 3368,12 to 24,radio/TV,bad
570,2,19 to 28,female,1,rent,little,250 to 1554,4 to 12,furniture/equipment,bad
571,4,28 to 38,male,2,own,little,250 to 1554,12 to 24,radio/TV,good
572,2,19 to 28,female,3,rent,no account,250 to 1554,4 to 12,car,good
573,2,19 to 28,female,1,own,little,250 to 1554,4 to 12,business,good
574,2,19 to 28,male,1,own,little,250 to 1554,4 to 12,radio/TV,good
575,4,19 to 28,female,2,own,little,250 to 1554,4 to 12,furniture/equipment,good
576,2,19 to 28,female,2,own,little,250 to 1554,4 to 12,radio/TV,good
577,4,19 to 28,female,2,own,no account,250 to 1554,4 to 12,education,good
578,4,19 to 28,male,2,own,little,250 to 1554,12 to 24,car,bad
579,2,19 to 28,male,1,own,little,250 to 1554,4 to 12,education,good
580,4,19 to 28,male,2,own,little,250 to 1554,4 to 12,car,bad
581,4,28 to 38,male,1,own,little,250 to 1554,4 to 12,car,good
582,2,19 to 28,female,2,rent,little,250 to 1554,4 to 12,furniture/equipment,good
583,2,19 to 28,male,1,rent,little,250 to 1554,12 to 24,repairs,bad
584,2,28 to 38,female,3,free,no account,250 to 1554,4 to 12,car,good
585,2,19 to 28,female,2,rent,little,250 to 1554,4 to 12,furniture/equipment,bad
586,4,19 to 28,male,2,rent,little,250 to 1554,4 to 12,car,good
587,2,19 to 28,male,1,own,little,250 to 1554,4 to 12,furniture/equipment,good
588,2,28 to 38,male,1,own,little,250 to 1554,4 to 12,domestic appliances,bad
589,4,38 to 75,male,2,own,little,250 to 1554,4 to 12,furniture/equipment,bad
590,4,38 to 75,female,1,own,little,250 to 1554,4 to 12,radio/TV,good
591,3,28 to 38,female,2,rent,no account,250 to 1554,4 to 12,car,good
592,2,19 to 28,female,1,own,rich,250 to 1554,4 to 12,business,good
593,2,19 to 28,female,1,rent,little,250 to 1554,4 to 12,car,bad
594,1,28 to 38,male,3,own,no account,250 to 1554,4 to 12,vacation/others,bad
595,1,19 to 28,female,1,own,moderate,250 to 1554,4 to 12,car,bad
596,2,19 to 28,female,2,rent,little,250 to 1554,4 to 12,car,bad
597,0,19 to 28,male,1,own,little,250 to 1554,4 to 12,business,bad
598,4,19 to 28,male,2,own,little,250 to 1554,4 to 12,car,bad
599,3,19 to 28,male,2,free,little,250 to 1554,4 to 12,business,good
600,2,28 to 38,female,2,own,little,250 to 1554,4 to 12,radio/TV,good
601,2,19 to 28,female,2,own,little,250 to 1554,4 to 12,furniture/equipment,bad
602,1,19 to 28,female,1,free,little,250 to 1554,4 to 12,education,bad
603,2,19 to 28,female,3,own,little,250 to 1554,12 to 24,furniture/equipment,bad
604,2,19 to 28,female,2,own,little,250 to 1554,4 to 12,furniture/equipment,good
605,1,19 to 28,male,2,own,quite rich,250 to 1554,4 to 12,furniture/equipment,good
606,4,38 to 75,male,3,own,little,250 to 1554,4 to 12,business,good
607,2,28 to 38,female,2,free,moderate,250 to 1554,12 to 24,radio/TV,bad
608,2,19 to 28,male,2,own,little,250 to 1554,4 to 12,radio/TV,good
609,2,28 to 38,male,2,free,no account,250 to 1554,4 to 12,car,good
610,2,19 to 28,female,2,own,moderate,250 to 1554,4 to 12,domestic appliances,bad
611,2,28 to 38,female,1,free,moderate,250 to 1554,4 to 12,car,bad
612,2,19 to 28,female,2,own,rich,250 to 1554,4 to 12,radio/TV,good
613,1,19 to 28,female,2,rent,little,250 to 1554,4 to 12,car,good
614,3,19 to 28,female,2,own,little,250 to 1554,4 to 12,furniture/equipment,bad
615,0,28 to 38,male,3,own,no account,1554 to 3368,12 to 24,business,good
616,3,19 to 28,male,3,free,no account,1554 to 3368,24 to 72,radio/TV,good
617,4,19 to 28,male,2,rent,little,250 to 1554,4 to 12,car,good
618,2,19 to 28,female,2,rent,moderate,250 to 1554,12 to 24,furniture/equipment,bad
619,2,28 to 38,male,1,own,little,250 to 1554,4 to 12,car,good
620,4,19 to 28,male,2,own,little,250 to 1554,4 to 12,business,good
621,4,19 to 28,male,2,own,little,250 to 1554,4 to 12,car,bad
622,2,28 to 38,male,2,own,no account,250 to 1554,12 to 24,business,bad
623,2,19 to 28,female,2,rent,little,250 to 1554,4 to 12,furniture/equipment,good
624,2,38 to 75,male,2,free,little,250 to 1554,4 to 12,radio/TV,bad
625,2,19 to 28,male,2,own,no account,250 to 1554,4 to 12,radio/TV,good
626,2,28 to 38,male,2,own,little,250 to 1554,4 to 12,furniture/equipment,good
627,1,19 to 28,male,2,own,moderate,250 to 1554,4 to 12,car,bad
628,4,19 to 28,male,2,own,quite rich,250 to 1554,12 to 24,furniture/equipment,good
629,2,38 to 75,male,1,own,no account,250 to 1554,4 to 12,education,good
630,2,19 to 28,female,2,own,little,250 to 1554,4 to 12,radio/TV,good
631,1,28 to 38,male,2,own,little,250 to 1554,4 to 12,furniture/equipment,bad
632,2,19 to 28,male,2,own,no account,250 to 1554,4 to 12,radio/TV,good
633,2,19 to 28,female,2,rent,little,250 to 1554,4 to 12,furniture/equipment,bad
634,2,19 to 28,female,1,own,little,250 to 1554,4 to 12,car,bad
635,2,28 to 38,male,2,own,little,250 to 1554,4 to 12,education,good
636,2,19 to 28,female,2,own,quite rich,250 to 1554,4 to 12,radio/TV,good
637,3,19 to 28,male,2,own,little,3368 to 18424,24 to 72,radio/TV,good
638,2,19 to 28,female,2,own,little,250 to 1554,4 to 12,radio/TV,good
639,3,19 to 28,male,2,own,little,250 to 1554,12 to 24,radio/TV,bad
640,2,19 to 28,female,0,own,little,250 to 1554,4 to 12,education,bad
641,2,28 to 38,male,1,own,little,250 to 1554,4 to 12,repairs,good
642,2,28 to 38,male,3,own,moderate,250 to 1554,4 to 12,education,bad
643,4,19 to 28,male,2,own,little,250 to 1554,4 to 12,radio/TV,good
644,4,19 to 28,male,3,own,little,250 to 1554,4 to 12,radio/TV,good
645,3,19 to 28,male,2,rent,no account,1554 to 3368,12 to 24,business,bad
646,0,19 to 28,male,2,own,little,250 to 1554,12 to 24,furniture/equipment,good
647,2,19 to 28,female,2,own,quite rich,250 to 1554,4 to 12,car,bad
648,2,28 to 38,male,2,free,little,250 to 1554,4 to 12,car,bad
649,2,28 to 38,male,1,rent,little,250 to 1554,4 to 12,education,bad
650,2,28 to 38,male,3,free,little,1554 to 3368,12 to 24,education,good
651,2,19 to 28,male,1,own,little,250 to 1554,4 to 12,furniture/equipment,bad
652,2,28 to 38,male,2,own,little,250 to 1554,4 to 12,car,bad
653,3,28 to 38,male,3,own,moderate,1554 to 3368,12 to 24,car,bad
654,4,19 to 28,male,2,own,little,250 to 1554,4 to 12,car,good
655,2,19 to 28,male,2,free,little,250 to 1554,4 to 12,car,good
656,2,28 to 38,male,1,own,little,250 to 1554,4 to 12,car,bad
657,2,19 to 28,male,2,own,no account,1554 to 3368,12 to 24,radio/TV,good
658,0,19 to 28,female,2,own,little,250 to 1554,12 to 24,business,good
659,4,28 to 38,male,2,own,little,1554 to 3368,4 to 12,furniture/equipment,good
660,2,19 to 28,male,2,rent,little,250 to 1554,4 to 12,radio/TV,good
661,2,19 to 28,male,2,own,no account,250 to 1554,4 to 12,car,bad
662,2,28 to 38,male,2,own,little,250 to 1554,4 to 12,furniture/equipment,good
663,3,19 to 28,male,3,own,little,250 to 1554,4 to 12,furniture/equipment,good
664,4,28 to 38,female,1,own,little,250 to 1554,4 to 12,education,good
665,4,19 to 28,male,3,own,little,1554 to 3368,4 to 12,vacation/others,good
666,1,19 to 28,male,2,own,rich,250 to 1554,12 to 24,furniture/equipment,good
667,1,19 to 28,female,2,own,little,250 to 1554,12 to 24,business,good
668,4,28 to 38,male,2,rent,little,250 to 1554,4 to 12,car,bad
669,4,28 to 38,male,2,own,little,250 to 1554,12 to 24,radio/TV,good
670,4,19 to 28,male,1,own,moderate,250 to 1554,4 to 12,business,good
671,2,19 to 28,male,2,own,moderate,250 to 1554,12 to 24,business,good
672,2,28 to 38,male,3,own,little,1554 to 3368,24 to 72,car,good
673,4,19 to 28,male,2,own,quite rich,250 to 1554,4 to 12,car,good
674,3,28 to 38,male,1,own,quite rich,250 to 1554,4 to 12,business,bad
675,4,19 to 28,female,3,rent,little,250 to 1554,12 to 24,radio/TV,good
676,4,19 to 28,male,2,own,little,250 to 1554,4 to 12,furniture/equipment,good
677,2,19 to 28,male,2,own,moderate,250 to 1554,24 to 72,radio/TV,bad
678,2,38 to 75,male,1,rent,little,250 to 1554,4 to 12,radio/TV,good
679,2,19 to 28,female,2,own,little,250 to 1554,4 to 12,radio/TV,good
680,2,28 to 38,female,2,own,little,250 to 1554,4 to 12,education,good
681,2,19 to 28,male,2,free,no account,250 to 1554,4 to 12,radio/TV,good
682,3,19 to 28,male,2,own,little,250 to 1554,4 to 12,radio/TV,good
683,4,28 to 38,male,2,free,little,250 to 1554,4 to 12,radio/TV,good
684,3,19 to 28,male,1,own,moderate,1554 to 3368,12 to 24,business,good
685,2,19 to 28,male,2,free,no account,1554 to 3368,24 to 72,car,good
686,4,19 to 28,male,2,own,no account,250 to 1554,4 to 12,radio/TV,good
687,3,19 to 28,male,2,free,moderate,250 to 1554,12 to 24,car,good
688,2,19 to 28,male,2,own,moderate,250 to 1554,4 to 12,radio/TV,good
689,2,19 to 28,male,2,own,rich,250 to 1554,4 to 12,car,good
690,4,19 to 28,male,2,own,little,250 to 1554,4 to 12,furniture/equipment,good
691,2,19 to 28,female,1,own,moderate,250 to 1554,4 to 12,repairs,good
692,2,19 to 28,male,2,own,moderate,250 to 1554,4 to 12,radio/TV,good
693,4,28 to 38,male,1,own,no account,250 to 1554,4 to 12,car,good
694,2,19 to 28,male,2,own,little,250 to 1554,4 to 12,radio/TV,good
695,2,28 to 38,male,2,rent,quite rich,250 to 1554,4 to 12,car,good
696,2,19 to 28,male,2,own,little,250 to 1554,4 to 12,radio/TV,good
697,4,28 to 38,female,0,own,little,250 to 1554,4 to 12,car,good
698,4,19 to 28,male,2,own,little,250 to 1554,4 to 12,radio/TV,good
699,2,28 to 38,male,3,rent,little,250 to 1554,4 to 12,education,good
700,2,19 to 28,female,1,rent,quite rich,250 to 1554,4 to 12,furniture/equipment,bad
701,4,28 to 38,male,2,free,little,1554 to 3368,12 to 24,car,bad
702,2,28 to 38,female,2,free,moderate,250 to 1554,4 to 12,radio/TV,good
703,3,28 to 38,male,2,own,moderate,250 to 1554,12 to 24,business,good
704,2,19 to 28,female,2,own,little,250 to 1554,12 to 24,business,good
705,2,19 to 28,female,2,free,quite rich,250 to 1554,4 to 12,car,good
706,2,19 to 28,male,2,own,moderate,1554 to 3368,12 to 24,car,bad
707,0,19 to 28,female,2,rent,little,250 to 1554,4 to 12,furniture/equipment,bad
708,2,19 to 28,female,2,own,little,250 to 1554,4 to 12,radio/TV,good
709,2,19 to 28,male,1,own,little,250 to 1554,4 to 12,radio/TV,good
710,4,19 to 28,male,3,own,quite rich,250 to 1554,4 to 12,radio/TV,good
711,1,19 to 28,female,2,free,little,250 to 1554,4 to 12,education,bad
712,2,28 to 38,male,3,own,no account,250 to 1554,4 to 12,car,good
713,4,19 to 28,male,1,own,little,250 to 1554,4 to 12,radio/TV,good
714,2,19 to 28,male,3,own,little,3368 to 18424,24 to 72,car,bad
715,4,38 to 75,male,2,own,no account,1554 to 3368,12 to 24,car,good
716,4,28 to 38,male,2,own,no account,250 to 1554,12 to 24,radio/TV,good
717,2,19 to 28,male,3,free,little,250 to 1554,4 to 12,radio/TV,good
718,4,19 to 28,male,2,own,no account,250 to 1554,4 to 12,radio/TV,good
719,0,19 to 28,male,2,own,moderate,250 to 1554,4 to 12,car,good
720,0,19 to 28,male,3,own,little,250 to 1554,4 to 12,radio/TV,bad
721,1,19 to 28,female,2,rent,rich,250 to 1554,4 to 12,education,bad
722,2,19 to 28,female,1,own,little,250 to 1554,4 to 12,car,bad
723,2,38 to 75,female,1,own,quite rich,250 to 1554,4 to 12,radio/TV,good
724,2,19 to 28,female,2,rent,little,250 to 1554,12 to 24,car,bad
725,4,28 to 38,female,1,own,rich,250 to 1554,4 to 12,car,good
726,4,28 to 38,male,1,own,quite rich,250 to 1554,4 to 12,radio/TV,good
727,2,19 to 28,female,2,rent,little,250 to 1554,4 to 12,radio/TV,bad
728,1,38 to 75,female,2,rent,little,1554 to 3368,12 to 24,business,bad
729,4,19 to 28,male,2,own,rich,250 to 1554,4 to 12,business,good
730,3,19 to 28,male,2,own,little,1554 to 3368,4 to 12,radio/TV,good
731,2,19 to 28,male,1,rent,little,250 to 1554,4 to 12,radio/TV,bad
732,2,28 to 38,female,1,own,little,250 to 1554,4 to 12,radio/TV,good
733,2,19 to 28,female,2,rent,rich,250 to 1554,4 to 12,car,good
734,4,19 to 28,female,2,own,little,250 to 1554,4 to 12,car,good
735,1,19 to 28,female,0,own,no account,250 to 1554,12 to 24,domestic appliances,good
736,2,19 to 28,female,3,rent,little,1554 to 3368,4 to 12,car,bad
737,2,19 to 28,male,1,own,moderate,250 to 1554,4 to 12,car,good
738,4,28 to 38,male,3,own,little,1554 to 3368,4 to 12,car,good
739,0,19 to 28,female,1,rent,moderate,250 to 1554,12 to 24,business,bad
740,1,19 to 28,male,2,own,moderate,250 to 1554,4 to 12,car,good
741,1,19 to 28,male,1,own,little,250 to 1554,4 to 12,radio/TV,good
742,2,28 to 38,male,2,own,no account,250 to 1554,4 to 12,radio/TV,good
743,1,19 to 28,male,2,own,quite rich,250 to 1554,4 to 12,furniture/equipment,good
744,4,19 to 28,male,3,own,no account,3368 to 18424,12 to 24,furniture/equipment,good
745,4,19 to 28,male,1,own,little,250 to 1554,4 to 12,business,good
746,2,19 to 28,female,2,rent,little,250 to 1554,4 to 12,car,good
747,2,19 to 28,female,1,own,little,250 to 1554,4 to 12,car,bad
748,2,19 to 28,male,2,own,no account,250 to 1554,4 to 12,car,good
749,2,19 to 28,male,2,own,little,250 to 1554,4 to 12,car,good
750,2,28 to 38,female,2,own,little,250 to 1554,4 to 12,furniture/equipment,good
751,2,19 to 28,female,1,own,little,250 to 1554,4 to 12,car,bad
752,2,19 to 28,female,1,rent,moderate,250 to 1554,4 to 12,business,good
753,4,19 to 28,female,2,own,little,250 to 1554,12 to 24,radio/TV,good
754,3,28 to 38,male,2,free,rich,250 to 1554,4 to 12,repairs,bad
755,2,19 to 28,female,2,rent,no account,250 to 1554,4 to 12,car,bad
756,4,38 to 75,male,0,own,little,250 to 1554,4 to 12,car,good
757,4,28 to 38,male,2,free,no account,250 to 1554,4 to 12,radio/TV,bad
758,2,19 to 28,male,2,own,little,250 to 1554,4 to 12,car,good
759,4,19 to 28,male,2,own,little,250 to 1554,4 to 12,car,bad
760,4,38 to 75,female,2,own,no account,250 to 1554,4 to 12,car,good
761,4,19 to 28,female,2,rent,little,250 to 1554,4 to 12,furniture/equipment,bad
762,2,19 to 28,male,1,own,little,250 to 1554,4 to 12,radio/TV,good
763,4,19 to 28,male,3,free,no account,3368 to 18424,4 to 12,car,bad
764,4,19 to 28,male,2,own,moderate,250 to 1554,4 to 12,car,good
765,2,28 to 38,male,1,own,little,250 to 1554,4 to 12,radio/TV,good
766,2,19 to 28,male,1,own,little,250 to 1554,12 to 24,furniture/equipment,bad
767,2,19 to 28,female,2,rent,no account,250 to 1554,4 to 12,car,good
768,4,19 to 28,male,2,rent,little,250 to 1554,4 to 12,furniture/equipment,good
769,4,38 to 75,male,1,own,little,250 to 1554,4 to 12,radio/TV,good
770,2,19 to 28,female,2,rent,no account,250 to 1554,4 to 12,car,good
771,4,19 to 28,female,3,own,little,1554 to 3368,12 to 24,education,bad
772,4,19 to 28,male,3,own,little,250 to 1554,4 to 12,car,good
773,4,28 to 38,male,2,own,moderate,250 to 1554,4 to 12,radio/TV,good
774,4,38 to 75,male,0,free,quite rich,250 to 1554,4 to 12,car,good
775,2,19 to 28,female,2,rent,no account,250 to 1554,4 to 12,car,bad
776,4,19 to 28,male,2,own,little,250 to 1554,12 to 24,car,good
777,2,19 to 28,female,2,own,little,250 to 1554,4 to 12,radio/TV,good
778,4,28 to 38,male,3,own,rich,250 to 1554,12 to 24,car,good
779,2,38 to 75,female,2,own,little,250 to 1554,4 to 12,repairs,good
780,4,19 to 28,male,2,own,little,250 to 1554,12 to 24,radio/TV,bad
781,4,38 to 75,male,2,own,rich,250 to 1554,4 to 12,car,good
782,0,19 to 28,male,1,own,little,250 to 1554,4 to 12,education,good
783,2,19 to 28,female,1,own,moderate,250 to 1554,4 to 12,car,bad
784,2,38 to 75,male,3,own,no account,1554 to 3368,4 to 12,car,good
785,2,19 to 28,male,1,own,rich,250 to 1554,4 to 12,business,good
786,2,28 to 38,male,2,own,quite rich,250 to 1554,4 to 12,radio/TV,good
787,4,28 to 38,male,2,own,no account,250 to 1554,12 to 24,car,good
788,3,28 to 38,male,2,free,little,250 to 1554,12 to 24,education,bad
789,4,19 to 28,male,2,own,little,250 to 1554,12 to 24,education,bad
790,2,28 to 38,female,2,own,little,250 to 1554,4 to 12,business,bad
791,2,28 to 38,male,3,own,no account,1554 to 3368,4 to 12,car,good
792,4,19 to 28,male,2,own,no account,250 to 1554,4 to 12,furniture/equipment,good
793,2,28 to 38,male,2,free,little,250 to 1554,4 to 12,furniture/equipment,good
794,2,19 to 28,male,2,rent,quite rich,250 to 1554,4 to 12,furniture/equipment,good
795,2,19 to 28,female,2,rent,moderate,250 to 1554,4 to 12,furniture/equipment,good
796,2,28 to 38,male,2,free,no account,1554 to 3368,4 to 12,car,bad
797,4,19 to 28,female,1,rent,little,250 to 1554,4 to 12,furniture/equipment,good
798,3,28 to 38,male,2,own,no account,250 to 1554,4 to 12,car,good
799,2,19 to 28,male,0,own,no account,250 to 1554,4 to 12,car,good
800,4,28 to 38,male,2,free,little,250 to 1554,4 to 12,education,good
801,4,28 to 38,female,1,rent,little,250 to 1554,4 to 12,radio/TV,good
802,4,19 to 28,female,2,own,little,250 to 1554,4 to 12,furniture/equipment,good
803,4,19 to 28,male,2,own,no account,250 to 1554,4 to 12,radio/TV,good
804,2,19 to 28,female,0,rent,no account,1554 to 3368,4 to 12,car,good
805,2,19 to 28,male,2,own,little,1554 to 3368,12 to 24,car,bad
806,2,19 to 28,male,1,own,little,250 to 1554,4 to 12,radio/TV,good
807,4,38 to 75,male,2,own,no account,250 to 1554,4 to 12,radio/TV,good
808,1,28 to 38,male,3,free,little,1554 to 3368,12 to 24,car,good
809,0,19 to 28,female,0,rent,little,250 to 1554,4 to 12,car,bad
810,2,19 to 28,male,2,own,little,250 to 1554,4 to 12,business,good
811,2,19 to 28,male,1,own,little,250 to 1554,4 to 12,radio/TV,good
812,4,19 to 28,male,2,own,little,1554 to 3368,12 to 24,car,bad
813,2,28 to 38,male,2,own,little,250 to 1554,12 to 24,domestic appliances,bad
814,2,28 to 38,male,2,free,little,250 to 1554,12 to 24,car,bad
815,3,28 to 38,female,2,rent,little,1554 to 3368,12 to 24,car,good
816,2,38 to 75,male,2,own,quite rich,250 to 1554,4 to 12,domestic appliances,good
817,4,19 to 28,female,2,rent,little,250 to 1554,4 to 12,radio/TV,good
818,2,28 to 38,male,3,own,little,3368 to 18424,12 to 24,vacation/others,good
819,2,19 to 28,male,2,own,little,250 to 1554,4 to 12,radio/TV,bad
820,2,19 to 28,male,2,own,little,250 to 1554,4 to 12,car,good
821,2,19 to 28,male,2,own,little,250 to 1554,4 to 12,radio/TV,good
822,2,28 to 38,male,2,own,little,250 to 1554,12 to 24,furniture/equipment,bad
823,4,28 to 38,male,1,own,little,250 to 1554,4 to 12,car,good
824,4,19 to 28,male,3,own,little,250 to 1554,4 to 12,furniture/equipment,good
825,4,19 to 28,male,2,own,little,250 to 1554,4 to 12,car,good
826,4,19 to 28,female,2,rent,little,250 to 1554,4 to 12,car,bad
827,0,19 to 28,male,2,own,little,250 to 1554,4 to 12,business,bad
828,2,28 to 38,male,2,free,no account,1554 to 3368,12 to 24,car,bad
829,3,28 to 38,male,2,free,no account,1554 to 3368,12 to 24,business,good
830,3,28 to 38,male,2,own,quite rich,250 to 1554,4 to 12,business,good
831,2,19 to 28,female,2,rent,little,250 to 1554,4 to 12,car,bad
832,0,19 to 28,male,2,rent,little,1554 to 3368,12 to 24,business,bad
833,2,28 to 38,female,2,own,no account,250 to 1554,4 to 12,radio/TV,good
834,2,19 to 28,female,1,own,little,250 to 1554,4 to 12,radio/TV,bad
835,0,28 to 38,male,2,own,little,250 to 1554,4 to 12,car,bad
836,2,19 to 28,female,2,own,no account,250 to 1554,4 to 12,radio/TV,good
837,2,19 to 28,female,1,rent,little,250 to 1554,4 to 12,furniture/equipment,good
838,4,38 to 75,male,2,own,little,250 to 1554,4 to 12,car,good
839,4,28 to 38,male,2,own,little,250 to 1554,4 to 12,radio/TV,good
840,2,19 to 28,male,2,own,little,250 to 1554,12 to 24,furniture/equipment,bad
841,3,19 to 28,male,1,own,little,250 to 1554,4 to 12,car,good
842,2,19 to 28,female,2,own,little,250 to 1554,4 to 12,repairs,bad
843,1,28 to 38,male,2,own,little,250 to 1554,4 to 12,business,good
844,2,28 to 38,male,2,own,little,250 to 1554,4 to 12,furniture/equipment,good
845,2,19 to 28,male,2,own,no account,250 to 1554,4 to 12,furniture/equipment,good
846,2,38 to 75,male,2,rent,no account,1554 to 3368,4 to 12,car,bad
847,2,19 to 28,male,2,own,little,250 to 1554,4 to 12,car,good
848,2,38 to 75,male,2,own,little,250 to 1554,4 to 12,radio/TV,good
849,2,38 to 75,male,1,own,little,250 to 1554,4 to 12,radio/TV,bad
850,4,19 to 28,male,2,rent,little,250 to 1554,4 to 12,car,bad
851,4,28 to 38,male,2,own,no account,250 to 1554,4 to 12,car,good
852,4,19 to 28,male,2,free,little,250 to 1554,4 to 12,radio/TV,good
853,1,19 to 28,male,1,free,little,250 to 1554,4 to 12,car,bad
854,3,28 to 38,male,2,own,little,1554 to 3368,12 to 24,car,good
855,2,19 to 28,male,2,own,moderate,250 to 1554,4 to 12,car,good
856,2,28 to 38,female,2,own,no account,250 to 1554,4 to 12,education,good
857,4,19 to 28,male,2,free,little,250 to 1554,4 to 12,furniture/equipment,good
858,2,19 to 28,female,2,own,little,250 to 1554,4 to 12,car,bad
859,2,19 to 28,male,2,rent,moderate,250 to 1554,4 to 12,car,good
860,4,19 to 28,male,2,own,rich,250 to 1554,4 to 12,car,good
861,3,19 to 28,male,2,own,little,250 to 1554,4 to 12,business,bad
862,2,19 to 28,female,2,own,little,250 to 1554,4 to 12,radio/TV,bad
863,4,19 to 28,male,1,own,rich,250 to 1554,12 to 24,furniture/equipment,good
864,2,19 to 28,male,1,rent,little,250 to 1554,4 to 12,furniture/equipment,bad
865,2,19 to 28,female,2,rent,quite rich,250 to 1554,4 to 12,furniture/equipment,good
866,2,19 to 28,female,2,own,little,250 to 1554,4 to 12,radio/TV,good
867,4,28 to 38,male,2,own,little,250 to 1554,4 to 12,furniture/equipment,good
868,2,19 to 28,male,2,own,no account,1554 to 3368,12 to 24,business,good
869,2,19 to 28,female,2,rent,little,250 to 1554,4 to 12,furniture/equipment,good
870,3,28 to 38,female,2,own,quite rich,1554 to 3368,12 to 24,furniture/equipment,good
871,4,28 to 38,male,2,own,little,250 to 1554,4 to 12,car,good
872,4,19 to 28,male,2,own,moderate,250 to 1554,4 to 12,business,good
873,2,19 to 28,female,2,own,no account,250 to 1554,4 to 12,domestic appliances,good
874,2,19 to 28,male,1,own,little,250 to 1554,4 to 12,furniture/equipment,good
875,4,28 to 38,female,2,own,rich,250 to 1554,4 to 12,car,good
876,1,19 to 28,male,3,free,little,250 to 1554,4 to 12,radio/TV,good
877,2,19 to 28,male,2,own,little,250 to 1554,12 to 24,radio/TV,good
878,2,19 to 28,male,3,free,little,250 to 1554,4 to 12,car,bad
879,4,19 to 28,male,2,own,no account,1554 to 3368,12 to 24,radio/TV,good
880,2,28 to 38,male,3,own,little,1554 to 3368,4 to 12,car,good
881,2,28 to 38,male,2,free,no account,1554 to 3368,4 to 12,car,good
882,4,19 to 28,male,2,own,no account,250 to 1554,12 to 24,car,good
883,4,38 to 75,female,0,own,little,250 to 1554,4 to 12,radio/TV,good
884,2,28 to 38,male,2,own,little,250 to 1554,4 to 12,furniture/equipment,bad
885,2,28 to 38,female,2,own,little,250 to 1554,4 to 12,education,bad
886,4,19 to 28,male,2,own,no account,250 to 1554,4 to 12,business,good
887,2,19 to 28,male,2,own,little,3368 to 18424,12 to 24,business,bad
888,4,19 to 28,male,3,own,little,1554 to 3368,12 to 24,car,good
889,1,28 to 38,male,2,rent,no account,1554 to 3368,12 to 24,car,good
890,4,28 to 38,male,3,own,little,250 to 1554,12 to 24,business,good
891,4,28 to 38,male,2,own,little,250 to 1554,4 to 12,radio/TV,good
892,4,28 to 38,male,1,own,little,250 to 1554,4 to 12,car,good
893,4,19 to 28,male,2,own,little,250 to 1554,12 to 24,car,good
894,4,19 to 28,male,2,own,no account,250 to 1554,4 to 12,radio/TV,good
895,3,19 to 28,male,3,own,no account,1554 to 3368,12 to 24,car,good
896,2,19 to 28,female,3,rent,little,250 to 1554,4 to 12,radio/TV,good
897,4,19 to 28,female,2,own,rich,250 to 1554,4 to 12,furniture/equipment,good
898,2,19 to 28,female,1,rent,no account,250 to 1554,4 to 12,furniture/equipment,good
899,2,28 to 38,male,2,own,little,250 to 1554,4 to 12,furniture/equipment,bad
900,4,28 to 38,male,2,rent,little,250 to 1554,4 to 12,car,bad
901,4,28 to 38,male,2,own,no account,250 to 1554,4 to 12,car,good
902,4,28 to 38,male,2,free,no account,1554 to 3368,12 to 24,car,good
903,2,28 to 38,male,2,rent,no account,250 to 1554,4 to 12,radio/TV,good
904,2,19 to 28,male,3,own,little,250 to 1554,4 to 12,radio/TV,good
905,2,19 to 28,male,3,rent,little,250 to 1554,4 to 12,radio/TV,good
906,2,19 to 28,male,1,own,no account,250 to 1554,4 to 12,car,good
907,2,19 to 28,male,2,own,no account,250 to 1554,12 to 24,education,good
908,3,28 to 38,female,1,own,little,250 to 1554,4 to 12,car,good
909,2,19 to 28,female,1,own,no account,250 to 1554,4 to 12,car,good
910,3,19 to 28,female,2,own,little,250 to 1554,12 to 24,radio/TV,good
911,4,19 to 28,female,1,own,little,250 to 1554,4 to 12,furniture/equipment,bad
912,2,19 to 28,female,2,own,no account,250 to 1554,12 to 24,radio/TV,good
913,2,19 to 28,male,2,own,rich,250 to 1554,4 to 12,business,good
914,1,19 to 28,male,2,rent,little,250 to 1554,4 to 12,business,bad
915,0,19 to 28,female,3,own,little,3368 to 18424,12 to 24,vacation/others,bad
916,2,19 to 28,male,2,own,moderate,250 to 1554,4 to 12,car,good
917,2,38 to 75,male,3,own,little,3368 to 18424,4 to 12,car,bad
918,2,19 to 28,male,2,own,moderate,250 to 1554,4 to 12,furniture/equipment,bad
919,2,28 to 38,male,3,rent,little,250 to 1554,4 to 12,furniture/equipment,bad
920,4,19 to 28,female,2,own,little,250 to 1554,4 to 12,furniture/equipment,good
921,3,19 to 28,male,3,own,quite rich,3368 to 18424,12 to 24,radio/TV,good
922,2,19 to 28,female,2,rent,little,250 to 1554,4 to 12,radio/TV,bad
923,2,19 to 28,male,2,rent,little,250 to 1554,4 to 12,car,good
924,1,28 to 38,male,2,own,little,1554 to 3368,4 to 12,furniture/equipment,bad
925,1,28 to 38,male,2,own,little,250 to 1554,4 to 12,car,bad
926,4,19 to 28,female,2,rent,little,250 to 1554,4 to 12,furniture/equipment,good
927,2,28 to 38,male,2,free,little,1554 to 3368,12 to 24,car,bad
928,2,38 to 75,male,2,own,no account,250 to 1554,12 to 24,radio/TV,good
929,3,28 to 38,male,1,own,little,250 to 1554,4 to 12,car,good
930,2,19 to 28,male,1,own,little,250 to 1554,4 to 12,furniture/equipment,good
931,2,19 to 28,female,2,own,little,250 to 1554,4 to 12,radio/TV,bad
932,4,19 to 28,male,2,own,little,250 to 1554,4 to 12,car,good
933,4,28 to 38,male,2,own,quite rich,250 to 1554,4 to 12,radio/TV,good
934,2,19 to 28,female,2,own,little,250 to 1554,4 to 12,radio/TV,good
935,3,19 to 28,male,3,own,moderate,250 to 1554,12 to 24,radio/TV,bad
936,2,19 to 28,female,1,own,little,250 to 1554,4 to 12,radio/TV,bad
937,2,19 to 28,male,3,rent,little,250 to 1554,4 to 12,radio/TV,good
938,2,28 to 38,male,2,free,little,250 to 1554,24 to 72,education,bad
939,4,28 to 38,male,3,own,no account,1554 to 3368,4 to 12,car,good
940,2,28 to 38,male,3,own,no account,250 to 1554,4 to 12,car,good
941,2,19 to 28,male,1,own,little,250 to 1554,4 to 12,car,good
942,2,19 to 28,male,2,own,no account,250 to 1554,4 to 12,furniture/equipment,good
943,4,28 to 38,male,1,own,little,250 to 1554,4 to 12,car,good
944,2,28 to 38,female,2,rent,little,250 to 1554,4 to 12,furniture/equipment,good
945,0,19 to 28,female,2,own,quite rich,1554 to 3368,12 to 24,car,good
946,1,19 to 28,male,2,free,quite rich,250 to 1554,4 to 12,furniture/equipment,bad
947,2,28 to 38,male,3,own,no account,250 to 1554,4 to 12,car,good
948,2,28 to 38,male,1,own,little,250 to 1554,4 to 12,furniture/equipment,bad
949,2,19 to 28,male,2,own,moderate,250 to 1554,4 to 12,radio/TV,bad
950,4,28 to 38,male,0,own,little,250 to 1554,4 to 12,business,good
951,3,19 to 28,male,2,own,little,250 to 1554,12 to 24,business,bad
952,2,19 to 28,female,2,rent,quite rich,250 to 1554,4 to 12,car,bad
953,2,19 to 28,female,3,own,little,1554 to 3368,12 to 24,furniture/equipment,bad
954,2,19 to 28,female,2,own,little,250 to 1554,4 to 12,car,good
955,4,38 to 75,female,3,rent,rich,250 to 1554,4 to 12,radio/TV,good
956,4,28 to 38,male,1,own,no account,250 to 1554,12 to 24,radio/TV,good
957,4,19 to 28,male,1,own,little,250 to 1554,4 to 12,radio/TV,good
958,2,28 to 38,male,1,own,little,250 to 1554,12 to 24,car,bad
959,2,19 to 28,male,2,free,moderate,250 to 1554,4 to 12,furniture/equipment,good
960,4,19 to 28,male,2,rent,little,250 to 1554,4 to 12,radio/TV,good
961,3,28 to 38,male,2,own,little,250 to 1554,4 to 12,car,good
962,2,19 to 28,male,2,own,no account,250 to 1554,4 to 12,car,good
963,2,19 to 28,male,2,own,quite rich,250 to 1554,4 to 12,radio/TV,bad
964,2,19 to 28,male,1,own,little,250 to 1554,4 to 12,repairs,good
965,2,19 to 28,female,2,own,no account,250 to 1554,12 to 24,radio/TV,good
966,4,19 to 28,male,1,own,quite rich,250 to 1554,12 to 24,radio/TV,bad
967,2,28 to 38,female,3,rent,little,250 to 1554,4 to 12,radio/TV,good
968,2,19 to 28,male,2,rent,no account,1554 to 3368,12 to 24,radio/TV,good
969,4,28 to 38,male,1,own,little,250 to 1554,4 to 12,car,good
970,2,19 to 28,male,2,own,moderate,250 to 1554,4 to 12,repairs,good
971,2,28 to 38,male,1,own,little,1554 to 3368,4 to 12,car,good
972,1,19 to 28,female,0,rent,little,250 to 1554,4 to 12,car,bad
973,2,19 to 28,male,2,rent,little,1554 to 3368,24 to 72,business,bad
974,4,19 to 28,female,2,own,little,250 to 1554,12 to 24,radio/TV,good
975,2,38 to 75,female,1,own,quite rich,250 to 1554,4 to 12,radio/TV,good
976,2,38 to 75,female,2,own,little,250 to 1554,4 to 12,radio/TV,good
977,3,28 to 38,male,2,own,no account,250 to 1554,4 to 12,business,good
978,3,28 to 38,male,1,own,little,250 to 1554,4 to 12,car,bad
979,1,19 to 28,male,2,rent,moderate,250 to 1554,4 to 12,car,bad
980,4,28 to 38,male,2,own,little,1554 to 3368,12 to 24,furniture/equipment,bad
981,2,19 to 28,male,3,rent,little,250 to 1554,12 to 24,business,bad
982,2,19 to 28,female,3,own,moderate,250 to 1554,4 to 12,car,good
983,2,19 to 28,male,2,own,little,1554 to 3368,12 to 24,car,bad
984,4,19 to 28,male,1,own,little,250 to 1554,4 to 12,furniture/equipment,good
985,4,19 to 28,female,2,rent,little,250 to 1554,4 to 12,furniture/equipment,good
986,0,19 to 28,male,2,own,little,250 to 1554,12 to 24,business,good
987,2,38 to 75,female,2,own,moderate,250 to 1554,4 to 12,radio/TV,good
988,2,19 to 28,male,3,free,little,1554 to 3368,4 to 12,car,good
989,4,28 to 38,male,1,own,little,250 to 1554,4 to 12,radio/TV,good
990,4,19 to 28,male,1,own,no account,250 to 1554,4 to 12,education,good
991,1,19 to 28,male,1,own,moderate,250 to 1554,4 to 12,radio/TV,good
992,2,19 to 28,male,1,rent,no account,250 to 1554,4 to 12,radio/TV,good
993,2,19 to 28,male,3,own,little,250 to 1554,12 to 24,furniture/equipment,good
994,2,28 to 38,male,2,own,no account,250 to 1554,4 to 12,car,good
995,2,19 to 28,female,1,own,little,250 to 1554,4 to 12,furniture/equipment,good
996,2,28 to 38,male,3,own,little,250 to 1554,12 to 24,car,good
997,2,28 to 38,male,2,own,little,250 to 1554,4 to 12,radio/TV,good
998,2,19 to 28,male,2,free,little,250 to 1554,12 to 24,radio/TV,bad
999,4,19 to 28,male,2,own,moderate,250 to 1554,12 to 24,car,good
